month/day	retweet_count	favorite_count	vader compound	vader sentiment
2017-01-19	84547	466823	2.4754	positive
2017-01-20	415061	1878671	2.2815	positive
2017-01-21	23337	177579	0.8807	positive
2017-01-22	184236	949408	1.5419	positive
2017-01-23	26750	177839	0.4939	positive
2017-01-24	247498	1162781	1.6901000000000002	positive
2017-01-25	138054	761424	0.7526999999999997	positive
2017-01-26	128887	609647	-0.48779999999999996	negative
2017-01-27	168114	841537	1.4541	positive
2017-01-28	83334	465730	-0.5586	negative
2017-01-29	226253	968933	-1.5356	negative
2017-01-30	245492	1204423	0.34640000000000015	positive
2017-01-31	127197	739119	1.7904	positive
2017-02-01	118871	498034	-1.6234000000000002	negative
2017-02-02	182823	797156	2.3182000000000005	positive
2017-02-03	295322	1260900	0.1904	positive
2017-02-04	303496	1416658	-1.9295	negative
2017-02-05	167220	738458	1.5266	positive
2017-02-06	136518	674993	-2.5189	negative
2017-02-07	105285	453699	-1.6467	negative
2017-02-08	237692	1130053	1.8584999999999996	positive
2017-02-09	154951	712080	0.9583	positive
2017-02-10	81639	356367	-1.0906	negative
2017-02-11	139353	863381	4.2612000000000005	positive
2017-02-12	161655	813482	-0.42059999999999986	negative
2017-02-13	67830	399299	2.5341	positive
2017-02-14	64312	304269	-0.2649	negative
2017-02-15	259443	991177	0.1503000000000001	positive
2017-02-16	131743	657803	-1.4433000000000002	negative
2017-02-17	167460	860940	-0.41490000000000005	negative
2017-02-18	54270	285499	-0.22410000000000002	negative
2017-02-19	26224	112115	0.0	neutral
2017-02-20	115462	583930	2.4696	positive
2017-02-21	49748	225062	-0.8786	negative
2017-02-22	28352	195970	1.2002000000000002	positive
2017-02-23	41999	222647	-0.4215	negative
2017-02-24	95559	453095	-1.6991999999999998	negative
2017-02-25	179571	764233	3.1415999999999995	positive
2017-02-26	81258	415491	-1.597	negative
2017-02-27	41101	243029	1.7237999999999998	positive
2017-02-28	17548	118580	0.29600000000000004	positive
2017-03-01	27371	183969	0.3612	positive
2017-03-02	115833	571172	0.5394	positive
2017-03-03	199546	735429	-0.14650000000000007	negative
2017-03-04	261911	876769	-1.7940999999999998	negative
2017-03-05	92413	394988	1.5146	positive
2017-03-06	111979	548335	2.7539000000000007	positive
2017-03-07	137212	663145	0.32199999999999984	positive
2017-03-08	90386	465064	2.8327	positive
2017-03-09	47671	235193	2.1077	positive
2017-03-10	8650	42988	0.0	neutral
2017-03-11	16563	103623	0.5859	positive
2017-03-12	0	0	0.0	neutral
2017-03-13	60700	318317	0.7990999999999999	positive
2017-03-14	37082	162006	0.8885	positive
2017-03-15	149572	697824	1.791	positive
2017-03-16	62349	336830	3.4208000000000003	positive
2017-03-17	52830	256163	2.4773	positive
2017-03-18	40527	182202	1.4956	positive
2017-03-19	7472	36626	0.0	neutral
2017-03-20	134019	635938	0.7797999999999995	positive
2017-03-21	35898	170035	1.5424	positive
2017-03-22	32850	207595	-0.6294	negative
2017-03-23	70348	330777	-0.13249999999999995	negative
2017-03-24	59075	286263	1.7042	positive
2017-03-25	68203	341364	2.0294	positive
2017-03-26	36909	172897	1.5957	positive
2017-03-27	71328	291488	1.4503	positive
2017-03-28	88154	384920	1.064	positive
2017-03-29	71765	341680	0.2972999999999999	positive
2017-03-30	80933	376366	0.5030999999999999	positive
2017-03-31	84110	388596	2.8615999999999997	positive
2017-04-01	110948	443707	-1.1215000000000002	negative
2017-04-02	76513	349293	1.2378	positive
2017-04-03	127225	513236	2.8213	positive
2017-04-04	27006	136232	1.6025	positive
2017-04-05	36159	150880	0.8969	positive
2017-04-06	10767	60570	0.7783	positive
2017-04-07	0	0	0.0	neutral
2017-04-08	75422	414178	3.6500999999999997	positive
2017-04-09	40537	206004	0.031600000000000183	positive
2017-04-10	32491	169072	1.8378	positive
2017-04-11	99680	361060	2.9204	positive
2017-04-12	104386	518041	3.7817000000000003	positive
2017-04-13	65546	299979	2.3925	positive
2017-04-14	7089	33563	0.0	neutral
2017-04-15	0	0	0.0	neutral
2017-04-16	122907	593988	0.6186	positive
2017-04-17	99565	433511	1.6908	positive
2017-04-18	75938	322996	-1.4121	negative
2017-04-19	64211	301338	2.1922	positive
2017-04-20	37881	171141	0.05679999999999996	positive
2017-04-21	87646	388060	-1.6793	negative
2017-04-22	72118	364875	2.5761000000000003	positive
2017-04-23	89291	409404	-0.42949999999999994	negative
2017-04-24	65447	319698	-0.9737	negative
2017-04-25	63801	276742	0.6391	positive
2017-04-26	110053	482568	-1.6354	negative
2017-04-27	150479	651292	2.7205999999999997	positive
2017-04-28	59480	273949	1.6663999999999999	positive
2017-04-29	30283	139292	1.5001	positive
2017-04-30	69384	338122	1.8907	positive
2017-05-01	27046	131127	0.3857999999999999	positive
2017-05-02	74617	316620	2.0519	positive
2017-05-03	15349	70707	1.0901999999999998	positive
2017-05-04	114281	496167	1.5671999999999997	positive
2017-05-05	106310	511712	1.5653000000000001	positive
2017-05-06	11079	63688	0.3818	positive
2017-05-07	64704	254340	-0.6749	negative
2017-05-08	116942	469506	-0.26290000000000013	negative
2017-05-09	49727	194175	1.0259	positive
2017-05-10	182817	664769	-0.26829999999999987	negative
2017-05-11	98857	351658	1.1956	positive
2017-05-12	181376	737051	2.3911	positive
2017-05-13	23910	118884	1.2722	positive
2017-05-14	21966	135259	0.9485	positive
2017-05-15	29648	128030	0.5423	positive
2017-05-16	89868	364294	0.7817000000000002	positive
2017-05-17	13549	69370	0.9042	positive
2017-05-18	104491	383422	-0.1261000000000001	negative
2017-05-19	27951	144609	0.8442	positive
2017-05-20	117398	183428	1.5586	positive
2017-05-21	29619	105991	0.0	neutral
2017-05-22	13640	67115	0.3612	positive
2017-05-23	87056	391964	3.0773	positive
2017-05-24	36158	168589	1.4102999999999999	positive
2017-05-25	37974	178907	1.286	positive
2017-05-26	57458	273700	1.0833	positive
2017-05-27	84624	405731	1.0067	positive
2017-05-28	168504	775502	-1.1760000000000006	negative
2017-05-29	91542	417167	2.7426	positive
2017-05-30	64557	255775	-1.0636999999999999	negative
2017-05-31	389005	1125141	2.5016	positive
2017-06-01	104515	392175	1.1232000000000002	positive
2017-06-02	16640	79292	0.0	neutral
2017-06-03	132166	498739	1.1287	positive
2017-06-04	190640	579015	-1.0576	negative
2017-06-05	177932	725080	0.751	positive
2017-06-06	308645	805170	0.6681000000000001	positive
2017-06-07	41514	188791	0.6486	positive
2017-06-08	0	0	0.0	neutral
2017-06-09	139998	601442	4.8073	positive
2017-06-10	19809	80310	0.0	neutral
2017-06-11	126431	546127	-0.12860000000000005	negative
2017-06-12	71238	327944	1.7017000000000002	positive
2017-06-13	167148	719422	-0.3275000000000001	negative
2017-06-14	104380	482460	1.8171000000000002	positive
2017-06-15	194941	670907	0.9946999999999999	positive
2017-06-16	186127	780890	1.2687000000000004	positive
2017-06-17	20363	85868	0.3612	positive
2017-06-18	80372	403996	2.9112	positive
2017-06-19	132660	539976	0.9286000000000001	positive
2017-06-20	187606	841882	4.914299999999999	positive
2017-06-21	45368	231107	1.4458	positive
2017-06-22	258378	1051690	2.5669999999999997	positive
2017-06-23	92086	398876	1.8349	positive
2017-06-24	131894	508468	-0.9298	negative
2017-06-25	31451	137079	0.07240000000000002	positive
2017-06-26	194566	808141	1.3836	positive
2017-06-27	133754	529710	-1.8424999999999998	negative
2017-06-28	136186	581057	0.6178999999999999	positive
2017-06-29	222766	958038	0.2784	positive
2017-06-30	126432	513573	-0.6138000000000001	negative
2017-07-01	292488	1176332	0.3617999999999998	positive
2017-07-02	485627	1087255	0.9228	positive
2017-07-03	249985	1020070	3.2772	positive
2017-07-04	135217	623250	0.5538000000000001	positive
2017-07-05	82145	403553	1.341	positive
2017-07-06	112439	429922	0.9807000000000001	positive
2017-07-07	160641	711462	1.6524	positive
2017-07-08	104227	464784	2.3198	positive
2017-07-09	228737	998001	1.87	positive
2017-07-10	98067	412376	-0.6175999999999999	negative
2017-07-11	117572	553555	1.6728999999999998	positive
2017-07-12	242996	1002970	3.4796	positive
2017-07-13	52467	265055	2.3715	positive
2017-07-14	164250	834203	5.8414	positive
2017-07-15	90213	466640	3.0071000000000003	positive
2017-07-16	161188	777759	2.4823000000000004	positive
2017-07-17	49085	217022	0.5143	positive
2017-07-18	124150	511490	-1.1383	negative
2017-07-19	50718	252930	-0.13600000000000007	negative
2017-07-20	61837	241975	0.6249	positive
2017-07-21	86321	391244	3.4185	positive
2017-07-22	268345	1108170	0.6107999999999999	positive
2017-07-23	113427	466764	-0.2865	negative
2017-07-24	215896	810772	-2.7256	negative
2017-07-25	231072	967545	2.0491	positive
2017-07-26	284377	1072545	6.84	positive
2017-07-27	91203	452265	2.5088	positive
2017-07-28	150009	638683	5.257700000000001	positive
2017-07-29	272841	1098929	0.4869000000000001	positive
2017-07-30	25010	106525	0.0	neutral
2017-07-31	91345	380475	-0.4512	negative
2017-08-01	74081	327242	-0.37389999999999995	negative
2017-08-02	94085	406498	2.9634	positive
2017-08-03	113866	504376	2.8707	positive
2017-08-04	129186	610714	5.0883	positive
2017-08-05	135733	594099	2.7733999999999996	positive
2017-08-06	77909	309793	1.3343	positive
2017-08-07	231541	1019961	3.4081	positive
2017-08-08	101980	447472	-1.0979999999999999	negative
2017-08-09	110486	446287	0.7543	positive
2017-08-10	94494	395967	1.0577	positive
2017-08-11	110003	400687	3.2141	positive
2017-08-12	193839	780013	0.6795	positive
2017-08-13	0	0	0.0	neutral
2017-08-14	158365	773445	0.17399999999999993	positive
2017-08-15	52220	238088	-0.4671999999999999	negative
2017-08-16	212496	916232	3.9109000000000007	positive
2017-08-17	296202	1153118	-0.4678	negative
2017-08-18	142952	635309	0.1526	positive
2017-08-19	196132	922262	4.6082	positive
2017-08-20	49807	216554	-0.37950000000000006	negative
2017-08-21	71888	335613	0.7869	positive
2017-08-22	77378	366228	2.5504	positive
2017-08-23	169494	727551	3.157	positive
2017-08-24	157444	662020	4.7369	positive
2017-08-25	224923	1036808	4.2697	positive
2017-08-26	82281	402295	4.3423	positive
2017-08-27	183145	876887	3.9876	positive
2017-08-28	0	0	0.0	neutral
2017-08-29	39444	224012	0.0	neutral
2017-08-30	132260	624415	0.2256	positive
2017-08-31	31751	123076	0.7269	positive
2017-09-01	167380	741570	4.7355	positive
2017-09-02	146248	622364	2.4238999999999997	positive
2017-09-03	172006	661961	1.6651999999999998	positive
2017-09-04	53766	220398	0.7845	positive
2017-09-05	107753	426612	1.2049	positive
2017-09-06	116895	588984	2.5351	positive
2017-09-07	116044	484021	3.8879	positive
2017-09-08	138117	574691	1.7688	positive
2017-09-09	67876	285125	0.6779999999999999	positive
2017-09-10	0	0	0.0	neutral
2017-09-11	55884	215850	0.7717	positive
2017-09-12	69835	356799	1.9006	positive
2017-09-13	117963	546405	0.34939999999999993	positive
2017-09-14	159940	742162	1.9596999999999998	positive
2017-09-15	265142	1084089	-3.2645	negative
2017-09-16	34698	176433	2.4764	positive
2017-09-17	88653	375179	1.4865	positive
2017-09-18	64358	316186	4.269299999999999	positive
2017-09-19	221508	933616	5.147799999999999	positive
2017-09-20	178207	858948	10.458100000000002	positive
2017-09-21	59218	298005	3.3606999999999996	positive
2017-09-22	152073	668753	0.42089999999999994	positive
2017-09-23	389905	1534435	5.5046	positive
2017-09-24	269729	1171432	4.1526	positive
2017-09-25	340320	1357521	-0.6878000000000001	negative
2017-09-26	234565	1106124	7.357499999999999	positive
2017-09-27	132643	632068	3.9823000000000004	positive
2017-09-28	110966	515835	2.5271	positive
2017-09-29	89389	424149	2.2128	positive
2017-09-30	360638	1503387	7.470400000000001	positive
2017-10-01	147765	662782	3.1322	positive
2017-10-02	75476	317744	0.5994	positive
2017-10-03	107563	556906	3.2648	positive
2017-10-04	154300	710009	2.2760000000000002	positive
2017-10-05	130502	582401	-0.5355999999999997	negative
2017-10-06	0	0	0.0	neutral
2017-10-07	169627	833507	3.8224	positive
2017-10-08	141024	668671	2.7366	positive
2017-10-09	93801	453936	0.21090000000000003	positive
2017-10-10	169746	754068	0.7384000000000001	positive
2017-10-11	213267	1008083	1.698300000000001	positive
2017-10-12	135865	609022	0.5572999999999999	positive
2017-10-13	223670	983865	2.6583000000000006	positive
2017-10-14	57280	274300	0.6231	positive
2017-10-15	27758	138341	0.4242999999999999	positive
2017-10-16	134187	600391	1.5040999999999998	positive
2017-10-17	140259	571010	4.1052	positive
2017-10-18	271378	1100648	3.5494	positive
2017-10-19	159217	603391	0.7332000000000001	positive
2017-10-20	124771	536515	3.1109	positive
2017-10-21	293503	1164356	-0.3947999999999998	negative
2017-10-22	59917	284206	0.11670000000000003	positive
2017-10-23	85530	399472	0.13649999999999995	positive
2017-10-24	121923	559007	0.2701	positive
2017-10-25	205891	903196	5.649299999999999	positive
2017-10-26	98125	468513	0.2309	positive
2017-10-27	208040	888919	7.364299999999998	positive
2017-10-28	155624	725790	0.1996	positive
2017-10-29	137953	548500	-0.8750999999999999	negative
2017-10-30	101653	372459	0.8437	positive
2017-10-31	273472	1150168	-1.6564999999999999	negative
2017-11-01	302806	1298057	2.8370999999999995	positive
2017-11-02	197350	834603	3.0141	positive
2017-11-03	332868	1409091	0.8548	positive
2017-11-04	108744	471274	2.2561	positive
2017-11-05	106733	497085	3.504	positive
2017-11-06	228351	508524	1.7147999999999999	positive
2017-11-07	209611	955656	5.168799999999999	positive
2017-11-08	85573	348586	0.5815000000000001	positive
2017-11-09	97860	478930	2.4798999999999998	positive
2017-11-10	88167	400241	5.6793	positive
2017-11-11	425919	1283139	0.8214	positive
2017-11-12	33496	196710	2.3461	positive
2017-11-13	66372	342264	2.2818	positive
2017-11-14	121200	605706	4.1433	positive
2017-11-15	199893	923883	0.2085999999999999	positive
2017-11-16	142541	645257	2.0131	positive
2017-11-17	90495	434954	1.0085000000000002	positive
2017-11-18	51390	191955	-0.6249	negative
2017-11-19	188990	774115	-0.6060000000000001	negative
2017-11-20	55713	237028	-0.6124	negative
2017-11-21	29478	139772	1.2244	positive
2017-11-22	172278	780205	0.049400000000000444	positive
2017-11-23	177135	804501	4.3035	positive
2017-11-24	145947	638596	-1.0851000000000002	negative
2017-11-25	90842	352813	0.5505	positive
2017-11-26	96374	424079	0.5495000000000001	positive
2017-11-27	99476	427161	1.6926	positive
2017-11-28	178399	815721	1.9190000000000005	positive
2017-11-29	316883	1220616	0.1200000000000001	positive
2017-11-30	243463	965694	1.3752000000000004	positive
2017-12-01	123088	481786	-1.3556000000000001	negative
2017-12-02	224547	863059	1.5656	positive
2017-12-03	175226	628210	-2.5131	negative
2017-12-04	84248	360070	0.42489999999999994	positive
2017-12-05	27464	118931	1.2593	positive
2017-12-06	115933	439111	1.9612	positive
2017-12-07	93290	426365	2.0024	positive
2017-12-08	194170	761483	0.4349000000000002	positive
2017-12-09	244085	1020076	5.0201	positive
2017-12-10	77999	343559	-0.3497	negative
2017-12-11	34018	138768	-0.946	negative
2017-12-12	145767	609601	1.4280000000000002	positive
2017-12-13	78636	384316	1.8248000000000002	positive
2017-12-14	100488	424669	2.4997	positive
2017-12-15	86661	396065	3.9569	positive
2017-12-16	51092	233276	1.3833	positive
2017-12-17	42763	210438	1.8238	positive
2017-12-18	179133	838073	5.5724	positive
2017-12-19	89334	409759	3.0625	positive
2017-12-20	129321	562407	2.7796	positive
2017-12-21	98571	448290	1.6728000000000003	positive
2017-12-22	218398	1006720	4.0858	positive
2017-12-23	113617	447175	0.9427	positive
2017-12-24	175336	734740	2.0475000000000003	positive
2017-12-25	84809	403724	1.4445000000000001	positive
2017-12-26	81628	360445	1.4578	positive
2017-12-27	71481	300530	1.1209	positive
2017-12-28	175896	644099	1.0537	positive
2017-12-29	146865	497944	1.0029	positive
2017-12-30	151275	601559	-0.23160000000000003	negative
2017-12-31	217819	857928	3.4949000000000003	positive
2018-01-01	146986	530897	1.2770000000000001	positive
2018-01-02	524671	1945408	6.302199999999999	positive
2018-01-03	117488	543286	1.9121000000000001	positive
2018-01-04	251735	1058109	0.5209000000000001	positive
2018-01-05	130172	560164	-0.10289999999999999	negative
2018-01-06	161768	689820	0.6399000000000001	positive
2018-01-07	170476	775710	0.7946999999999999	positive
2018-01-08	96264	430281	0.4060999999999999	positive
2018-01-09	125508	562002	5.5589	positive
2018-01-10	175195	762084	3.7218999999999993	positive
2018-01-11	275786	1198948	3.0587999999999997	positive
2018-01-12	189316	763176	2.0755	positive
2018-01-13	146905	650333	-1.9335	negative
2018-01-14	151460	665596	1.3829999999999998	positive
2018-01-15	76411	326392	1.5492	positive
2018-01-16	195240	830412	0.8976000000000003	positive
2018-01-17	191789	794758	5.3065	positive
2018-01-18	192667	852266	3.0028	positive
2018-01-19	148083	613535	1.6225999999999998	positive
2018-01-20	311477	1259519	2.6806	positive
2018-01-21	71567	305991	0.7903	positive
2018-01-22	105830	469417	1.8215000000000001	positive
2018-01-23	180648	762031	4.9387	positive
2018-01-24	98190	479052	1.0900999999999996	positive
2018-01-25	49145	233806	1.476	positive
2018-01-26	105516	512832	3.372	positive
2018-01-27	160445	679765	1.8605000000000003	positive
2018-01-28	106459	440276	-0.3912	negative
2018-01-29	16431	84209	0.5994	positive
2018-01-30	22023	109076	0.29600000000000004	positive
2018-01-31	0	0	0.0	neutral
2018-02-01	124610	570653	1.8929999999999998	positive
2018-02-02	152551	558058	2.6965	positive
2018-02-03	177527	696160	0.24029999999999974	positive
2018-02-04	59190	354351	0.6437	positive
2018-02-05	185088	734036	1.4424	positive
2018-02-06	189593	855663	1.5135	positive
2018-02-07	111251	496430	3.7236000000000002	positive
2018-02-08	155823	629610	3.9487	positive
2018-02-09	76930	330946	1.1461999999999999	positive
2018-02-10	245423	925283	-1.0425999999999997	negative
2018-02-11	95311	424127	1.6489	positive
2018-02-12	61687	294353	0.13529999999999998	positive
2018-02-13	45562	213186	1.54	positive
2018-02-14	85537	407809	0.6511	positive
2018-02-15	109988	467088	-2.051	negative
2018-02-16	103501	476696	0.4596	positive
2018-02-17	213200	852713	-2.093	negative
2018-02-18	260757	1076360	1.1928999999999998	positive
2018-02-19	94114	479494	3.1356	positive
2018-02-20	235724	1034862	4.5472	positive
2018-02-21	125332	550721	1.6288999999999998	positive
2018-02-22	248068	1106193	2.2958000000000003	positive
2018-02-23	155302	736817	4.5291	positive
2018-02-24	219125	882807	1.1818000000000002	positive
2018-02-25	0	0	0.0	neutral
2018-02-26	0	0	0.0	neutral
2018-02-27	194002	774814	5.390799999999999	positive
2018-02-28	153736	667547	3.7512	positive
2018-03-01	136655	636495	3.058	positive
2018-03-02	142036	651620	1.5655	positive
2018-03-03	104398	424324	0.9942	positive
2018-03-04	46562	219965	0.3232	positive
2018-03-05	124007	497684	2.3480999999999996	positive
2018-03-06	187677	771861	0.40990000000000004	positive
2018-03-07	82317	350519	0.3962	positive
2018-03-08	106828	468999	4.1798	positive
2018-03-09	87664	384355	2.699	positive
2018-03-10	178339	810311	4.4391	positive
2018-03-11	108660	453598	2.0861	positive
2018-03-12	134484	571778	2.293	positive
2018-03-13	192342	747870	2.6164	positive
2018-03-14	124298	571624	2.315	positive
2018-03-15	91648	456085	3.1827	positive
2018-03-16	52852	252472	2.0304	positive
2018-03-17	165864	623113	0.39670000000000005	positive
2018-03-18	92554	358522	0.6436	positive
2018-03-19	54789	260349	1.1322	positive
2018-03-20	33993	140902	0.4767	positive
2018-03-21	175256	775057	1.9046	positive
2018-03-22	146923	566724	2.0388	positive
2018-03-23	120938	507029	-1.2205	negative
2018-03-24	15760	83062	-0.9643	negative
2018-03-25	149816	622234	2.8007999999999997	positive
2018-03-26	83990	406174	2.4593	positive
2018-03-27	15524	68129	-0.4019	negative
2018-03-28	223046	891753	4.723999999999999	positive
2018-03-29	95370	385470	0.6307	positive
2018-03-30	25486	88218	0.0	neutral
2018-03-31	76844	270676	-2.3595	negative
2018-04-01	132356	554641	-0.11409999999999998	negative
2018-04-02	281263	1120824	-1.042	negative
2018-04-03	157340	680959	3.0462999999999996	positive
2018-04-04	141319	594466	0.3492000000000002	positive
2018-04-05	71788	307586	0.32409999999999994	positive
2018-04-06	121353	475764	1.0379999999999998	positive
2018-04-07	157006	677496	0.8189000000000001	positive
2018-04-08	152779	623751	1.8142	positive
2018-04-09	84455	334599	2.1455	positive
2018-04-10	122665	526807	2.9966	positive
2018-04-11	234244	890182	-2.5411	negative
2018-04-12	163667	754839	5.336600000000001	positive
2018-04-13	190421	720654	-1.8891999999999998	negative
2018-04-14	74010	360888	1.8416000000000001	positive
2018-04-15	204524	871638	1.622	positive
2018-04-16	50450	210377	0.15500000000000003	positive
2018-04-17	221537	1025273	5.3313	positive
2018-04-18	161810	682821	2.9798999999999998	positive
2018-04-19	235925	968871	4.825699999999999	positive
2018-04-20	283737	1141565	1.6991	positive
2018-04-21	201565	894903	2.5959	positive
2018-04-22	176152	795471	1.8085	positive
2018-04-23	106651	453486	0.005599999999999938	positive
2018-04-24	89468	410230	4.803	positive
2018-04-25	252539	1037134	3.0677000000000003	positive
2018-04-26	34191	181648	1.7262	positive
2018-04-27	252722	1070226	2.4867	positive
2018-04-28	158940	654438	0.3862000000000001	positive
2018-04-29	124888	614931	1.7119000000000002	positive
2018-04-30	160354	710692	4.0341	positive
2018-05-01	124337	580549	3.4502000000000006	positive
2018-05-02	213842	902806	2.078500000000001	positive
2018-05-03	97264	439780	2.6266000000000003	positive
2018-05-04	256008	1157453	1.1873000000000005	positive
2018-05-05	16132	77424	0.3612	positive
2018-05-06	0	0	0.0	neutral
2018-05-07	235065	956880	-0.26419999999999977	negative
2018-05-08	123606	502823	0.6643000000000001	positive
2018-05-09	230891	1010642	2.8662	positive
2018-05-10	226518	920361	0.6382	positive
2018-05-11	96534	420211	0.3272000000000001	positive
2018-05-12	94021	390742	1.1032	positive
2018-05-13	126935	577489	0.27929999999999994	positive
2018-05-14	127457	648027	1.2684000000000002	positive
2018-05-15	121789	605932	3.4843	positive
2018-05-16	126337	602454	4.6827	positive
2018-05-17	196253	841319	5.9575000000000005	positive
2018-05-18	222108	907490	1.0214000000000003	positive
2018-05-19	78453	368704	3.4567	positive
2018-05-20	241445	892848	-2.6759000000000004	negative
2018-05-21	203820	838009	2.9149	positive
2018-05-22	94798	386626	2.4964	positive
2018-05-23	266635	1118107	1.8490000000000004	positive
2018-05-24	133724	486747	1.0867999999999998	positive
2018-05-25	0	0	0.0	neutral
2018-05-26	0	0	0.0	neutral
2018-05-27	0	0	0.0	neutral
2018-05-28	0	0	0.0	neutral
2018-05-29	0	0	0.0	neutral
2018-05-30	0	0	0.0	neutral
2018-05-31	0	0	0.0	neutral
2018-06-01	0	0	0.0	neutral
2018-06-02	0	0	0.0	neutral
2018-06-03	0	0	0.0	neutral
2018-06-04	0	0	0.0	neutral
2018-06-05	0	0	0.0	neutral
2018-06-06	0	0	0.0	neutral
2018-06-07	0	0	0.0	neutral
2018-06-08	0	0	0.0	neutral
2018-06-09	0	0	0.0	neutral
2018-06-10	0	0	0.0	neutral
2018-06-11	0	0	0.0	neutral
2018-06-12	0	0	0.0	neutral
2018-06-13	0	0	0.0	neutral
2018-06-14	0	0	0.0	neutral
2018-06-15	0	0	0.0	neutral
2018-06-16	0	0	0.0	neutral
2018-06-17	0	0	0.0	neutral
2018-06-18	0	0	0.0	neutral
2018-06-19	0	0	0.0	neutral
2018-06-20	0	0	0.0	neutral
2018-06-21	138029	584514	4.2878	positive
2018-06-22	297832	1157852	2.2613000000000003	positive
2018-06-23	261400	1126347	1.3144999999999998	positive
2018-06-24	182414	756013	4.5631	positive
2018-06-25	318902	1285607	-1.3751	negative
2018-06-26	286894	1367791	3.6212	positive
2018-06-27	206962	936936	4.1513	positive
2018-06-28	186295	847320	1.0483000000000002	positive
2018-06-29	45578	218071	0.24260000000000015	positive
2018-06-30	232392	975730	3.863	positive
2018-07-01	133317	522150	2.3275	positive
2018-07-02	38865	180774	0.6102	positive
2018-07-03	313194	1396909	6.9276	positive
2018-07-04	128789	609343	2.0413	positive
2018-07-05	189108	833162	4.2468	positive
2018-07-06	57139	242629	-0.6808	negative
2018-07-07	114618	487293	-1.633	negative
2018-07-08	204546	723871	1.1362	positive
2018-07-09	157522	713516	3.2227	positive
2018-07-10	220924	1001358	3.546	positive
2018-07-11	189677	789282	1.6091	positive
2018-07-12	144839	623913	2.2597	positive
2018-07-13	54000	248006	0.7184	positive
2018-07-14	218022	894737	0.9773999999999999	positive
2018-07-15	108913	502021	-1.3878	negative
2018-07-16	223411	952125	4.0782	positive
2018-07-17	155852	692736	1.7583999999999997	positive
2018-07-18	264920	1095636	7.08	positive
2018-07-19	234943	935152	-1.49	negative
2018-07-20	153441	657837	-1.0792000000000002	negative
2018-07-21	144487	574567	1.4123999999999999	positive
2018-07-22	296358	1058827	-2.4181	negative
2018-07-23	242402	986764	-1.1929999999999998	negative
2018-07-24	264931	1143799	7.343500000000001	positive
2018-07-25	265389	1184870	9.170200000000001	positive
2018-07-26	208190	849385	5.152	positive
2018-07-27	293947	1216099	5.5181	positive
2018-07-28	23122	85655	0.0	neutral
2018-07-29	314142	1237837	0.6901999999999998	positive
2018-07-30	214994	909801	8.177800000000001	positive
2018-07-31	259899	1112303	6.937499999999998	positive
2018-08-01	223370	891918	0.7797999999999997	positive
2018-08-02	221171	974799	4.855700000000001	positive
2018-08-03	228499	938953	5.5451	positive
2018-08-04	189241	861498	2.9871	positive
2018-08-05	190334	784198	-1.2637	negative
2018-08-06	163937	636513	2.1473999999999998	positive
2018-08-07	153994	668508	4.740399999999999	positive
2018-08-08	136867	617138	3.2111	positive
2018-08-09	145239	550573	0.39459999999999984	positive
2018-08-10	226036	950651	5.4292	positive
2018-08-11	231669	935832	-2.3155	negative
2018-08-12	98716	378458	1.2200000000000002	positive
2018-08-13	293009	1280676	2.7123999999999997	positive
2018-08-14	224884	913455	-2.6082000000000005	negative
2018-08-15	382714	1513936	11.0743	positive
2018-08-16	351548	1383916	4.121099999999999	positive
2018-08-17	277044	1131299	0.7955999999999998	positive
2018-08-18	281056	1109745	1.0629000000000006	positive
2018-08-19	141275	554043	-3.9217000000000004	negative
2018-08-20	277548	1070274	-0.08709999999999962	negative
2018-08-21	204694	871526	3.0871	positive
2018-08-22	301788	1196777	1.1171000000000002	positive
2018-08-23	115538	504767	1.1258	positive
2018-08-24	341478	1369991	7.491100000000001	positive
2018-08-25	259062	1074167	0.7943999999999999	positive
2018-08-26	114025	479263	1.2351	positive
2018-08-27	181722	770987	6.3336	positive
2018-08-28	314510	1240567	0.7897000000000006	positive
2018-08-29	473131	1744400	0.23969999999999986	positive
2018-08-30	305162	1227944	-0.45940000000000025	negative
2018-08-31	153307	653163	0.41349999999999987	positive
2018-09-01	332590	1319571	-0.3356999999999999	negative
2018-09-02	58936	262778	0.3318	positive
2018-09-03	199430	842187	2.1928	positive
2018-09-04	285335	1102312	-0.4788000000000001	negative
2018-09-05	297934	1174464	-1.1641	negative
2018-09-06	199815	828342	5.8636	positive
2018-09-07	141475	603131	0.8995999999999998	positive
2018-09-08	190856	813660	4.6867	positive
2018-09-09	206825	820812	3.3574	positive
2018-09-10	329613	1268059	0.9879999999999999	positive
2018-09-11	259289	1038844	1.3234	positive
2018-09-12	132593	558985	2.467	positive
2018-09-13	230047	902271	1.1533000000000002	positive
2018-09-14	171120	707588	1.1611	positive
2018-09-15	147588	585586	4.4241	positive
2018-09-16	120033	500013	-0.3086000000000001	negative
2018-09-17	219846	841053	3.8267999999999995	positive
2018-09-18	207178	860095	3.1815999999999995	positive
2018-09-19	163282	708829	2.5975	positive
2018-09-20	239340	994979	8.29	positive
2018-09-21	259259	1064205	1.797	positive
2018-09-22	51889	233936	-0.4767	negative
2018-09-23	52342	284866	2.4365	positive
2018-09-24	162934	673458	6.335699999999999	positive
2018-09-25	212197	893241	5.3589	positive
2018-09-26	142114	586397	1.9775	positive
2018-09-27	84180	320104	0.0772	positive
2018-09-28	40636	177927	0.9501	positive
2018-09-29	137680	522426	1.2589	positive
2018-09-30	118015	499933	1.4878	positive
2018-10-01	135408	620201	3.6554	positive
2018-10-02	202996	904115	8.14	positive
2018-10-03	208395	915296	5.9262	positive
2018-10-04	226939	984452	5.4333	positive
2018-10-05	131430	538651	-0.5851999999999999	negative
2018-10-06	271833	1141769	4.9736	positive
2018-10-07	19807	87311	0.836	positive
2018-10-08	127513	543831	3.0168	positive
2018-10-09	172880	725345	5.080300000000001	positive
2018-10-10	152743	656114	3.5642000000000005	positive
2018-10-11	26833	120689	0.0	neutral
2018-10-12	179714	811272	5.7541	positive
2018-10-13	202375	898676	6.1785000000000005	positive
2018-10-14	91430	426310	3.0416	positive
2018-10-15	149439	660953	-0.07289999999999996	negative
2018-10-16	446555	1772432	1.1237999999999997	positive
2018-10-17	267619	1069218	6.0142	positive
2018-10-18	336285	1245762	3.0798	positive
2018-10-19	198947	756880	2.7214	positive
2018-10-20	209935	782647	4.2376000000000005	positive
2018-10-21	148915	580107	0.11590000000000011	positive
2018-10-22	349657	1312007	0.5046999999999999	positive
2018-10-23	197334	690083	4.3928	positive
2018-10-24	183060	725712	3.5539	positive
2018-10-25	307654	1182881	1.4371	positive
2018-10-26	283280	1073343	4.009600000000001	positive
2018-10-27	267933	1044935	1.2742	positive
2018-10-28	86716	345483	-0.5890000000000001	negative
2018-10-29	428452	1496266	7.546700000000001	positive
2018-10-30	134214	527732	4.73	positive
2018-10-31	375958	1340917	4.523599999999999	positive
2018-11-01	144542	552748	3.3369	positive
2018-11-02	229865	854597	4.477600000000001	positive
2018-11-03	342556	1252467	8.178700000000001	positive
2018-11-04	119426	464169	4.7033000000000005	positive
2018-11-05	331838	1177823	4.1762	positive
2018-11-06	180792	784689	6.527699999999999	positive
2018-11-07	301648	1365827	5.1974	positive
2018-11-08	85850	356305	-0.9054000000000001	negative
2018-11-09	390777	1399341	3.1346999999999996	positive
2018-11-10	170082	785270	-2.066	negative
2018-11-11	106688	483995	1.924	positive
2018-11-12	204702	889399	1.4925999999999997	positive
2018-11-13	311986	1201156	1.7962000000000002	positive
2018-11-14	86865	399784	2.6414	positive
2018-11-15	211001	831450	1.8230000000000013	positive
2018-11-16	162402	707245	4.473	positive
2018-11-17	96922	462717	2.5406	positive
2018-11-18	135170	539495	0.7062	positive
2018-11-19	160590	630098	1.3235000000000001	positive
2018-11-20	65535	307240	0.6124	positive
2018-11-21	274698	1127829	1.6736	positive
2018-11-22	180113	841528	2.0793999999999997	positive
2018-11-23	84847	366600	2.3891999999999998	positive
2018-11-24	72501	311568	0.10299999999999998	positive
2018-11-25	258068	1024490	2.1813000000000002	positive
2018-11-26	184402	728497	2.1084999999999994	positive
2018-11-27	224918	908633	0.13030000000000042	positive
2018-11-28	156602	644875	2.4545	positive
2018-11-29	283100	1181966	4.8833	positive
2018-11-30	154450	727915	4.4563	positive
2018-12-01	91582	497616	1.9628	positive
2018-12-02	49222	216577	1.2450999999999999	positive
2018-12-03	241518	1085314	3.1047	positive
2018-12-04	198304	861884	4.7987	positive
2018-12-05	155516	787591	2.6763	positive
2018-12-06	187450	762751	0.33549999999999985	positive
2018-12-07	308735	1298252	5.4876000000000005	positive
2018-12-08	264401	1161177	2.2729999999999997	positive
2018-12-09	118773	482669	0.4314999999999998	positive
2018-12-10	96202	394180	-1.9260000000000002	negative
2018-12-11	218879	977056	5.352	positive
2018-12-12	111102	434574	-0.40299999999999997	negative
2018-12-13	229696	972930	0.8172	positive
2018-12-14	175866	808964	5.3511	positive
2018-12-15	120903	496914	-0.16460000000000008	negative
2018-12-16	237873	922105	-2.087	negative
2018-12-17	118113	499601	4.2051	positive
2018-12-18	259909	1076395	4.1224	positive
2018-12-19	158749	664071	0.4652000000000001	positive
2018-12-20	373412	1583338	7.1122	positive
2018-12-21	416606	1870141	4.640700000000002	positive
2018-12-22	245572	1131222	-0.08629999999999982	negative
2018-12-23	281511	1268151	2.8941	positive
2018-12-24	340243	1495240	3.9407	positive
2018-12-25	135850	758169	1.4846	positive
2018-12-26	50441	222873	0.8271	positive
2018-12-27	307917	1311070	-0.5117000000000003	negative
2018-12-28	146280	646679	0.9111	positive
2018-12-29	285322	1153641	-0.27289999999999986	negative
2018-12-30	119520	487624	2.637	positive
2018-12-31	355385	1422060	0.056999999999999884	positive
2019-01-01	464937	1955132	5.5424999999999995	positive
2019-01-02	141332	679200	3.3182	positive
2019-01-03	222421	901245	2.4408	positive
2019-01-04	172025	824967	4.2625	positive
2019-01-05	414264	1786349	1.2406	positive
2019-01-06	249276	726849	0.15479999999999977	positive
2019-01-07	210759	932184	-0.8734000000000001	negative
2019-01-08	159466	861624	3.735	positive
2019-01-09	355726	936324	-1.7163000000000002	negative
2019-01-10	374443	1495560	5.8777	positive
2019-01-11	251963	947207	1.6475999999999997	positive
2019-01-12	361305	1536639	-3.0652999999999997	negative
2019-01-13	352501	1563913	-0.26749999999999996	negative
2019-01-14	345321	1047898	3.8528	positive
2019-01-15	419026	1101738	1.7028	positive
2019-01-16	90356	367017	0.3945	positive
2019-01-17	243898	668848	-0.14610000000000012	negative
2019-01-18	657993	1673581	-1.646	negative
2019-01-19	192402	889097	1.5179	positive
2019-01-20	687952	1976969	13.5358	positive
2019-01-21	365948	1217872	2.9105000000000003	positive
2019-01-22	342704	1477255	0.3065	positive
2019-01-23	293888	1094245	0.6555	positive
2019-01-24	252457	1192905	0.15870000000000006	positive
2019-01-25	110970	456725	0.5277	positive
2019-01-26	361590	1553349	-1.7654000000000005	negative
2019-01-27	330255	1011485	-1.1916	negative
2019-01-28	225060	995273	3.0187999999999997	positive
2019-01-29	44187	223859	0.019600000000000006	positive
2019-01-30	248573	1051564	-0.3086	negative
2019-01-31	458776	1977504	1.1538	positive
2019-02-01	180201	743289	2.3586	positive
2019-02-02	96720	481525	2.1474	positive
2019-02-03	60453	300993	2.3371	positive
2019-02-04	20332	114463	0.7579	positive
2019-02-05	146122	608614	2.0639000000000003	positive
2019-02-06	71374	188458	0.0	neutral
2019-02-07	232527	1120346	1.3891	positive
2019-02-08	220701	996288	3.8447	positive
2019-02-09	296600	834089	2.6642	positive
2019-02-10	325298	1263979	-1.2698999999999998	negative
2019-02-11	317528	1156735	0.024199999999999985	positive
2019-02-12	204890	598073	3.3556999999999997	positive
2019-02-13	203343	743443	1.4312	positive
2019-02-14	189126	716757	-2.1044	negative
2019-02-15	82107	266624	0.35600000000000004	positive
2019-02-16	264955	814804	0.7011999999999999	positive
2019-02-17	357092	1113133	-0.8214999999999999	negative
2019-02-18	424064	1599251	3.8307999999999995	positive
2019-02-19	200871	775879	-1.9370000000000003	negative
2019-02-20	278437	1250203	-0.4195999999999999	negative
2019-02-21	213046	847238	3.3792	positive
2019-02-22	139078	520107	1.2027	positive
2019-02-23	293689	758661	4.8102	positive
2019-02-24	274281	1257121	5.6744	positive
2019-02-25	512089	1976865	7.7866	positive
2019-02-26	91602	466570	1.546	positive
2019-02-27	357426	745012	-0.11849999999999988	negative
2019-02-28	104229	474769	2.3114	positive
2019-03-01	229711	1061365	1.4882	positive
2019-03-02	234989	640666	4.002	positive
2019-03-03	295112	1067627	0.6821999999999999	positive
2019-03-04	240436	865514	-2.2075000000000005	negative
2019-03-05	394387	1251104	-0.06170000000000009	negative
2019-03-06	170259	679376	-2.3	negative
2019-03-07	71193	311597	-0.7370000000000001	negative
2019-03-08	451284	1399217	4.6548	positive
2019-03-09	330213	753648	2.7972	positive
2019-03-10	218074	361601	-0.4595	negative
2019-03-11	108642	413362	-0.34010000000000007	negative
2019-03-12	207040	511235	0.05800000000000005	positive
2019-03-13	559613	1586906	-2.0969	negative
2019-03-14	294528	1258911	0.8782999999999997	positive
2019-03-15	263271	1196355	0.31689999999999985	positive
2019-03-16	397947	836921	0.7294	positive
2019-03-17	552878	1523433	-0.4525	negative
2019-03-18	336457	1396367	2.7032	positive
2019-03-19	313828	1157499	3.0915	positive
2019-03-20	267338	1121015	2.5017	positive
2019-03-21	162952	398591	4.1676	positive
2019-03-22	213102	934013	2.2957	positive
2019-03-23	0	0	0.0	neutral
2019-03-24	237175	1216359	2.0404	positive
2019-03-25	494618	824279	4.4296999999999995	positive
2019-03-26	287356	1136740	-0.10489999999999983	negative
2019-03-27	138770	524441	1.3496000000000001	positive
2019-03-28	426434	1826707	0.4743000000000005	positive
2019-03-29	252795	1104538	1.6172	positive
2019-03-30	117950	507479	1.1214	positive
2019-03-31	90370	376843	-0.4668	negative
2019-04-01	316188	1006690	1.7306	positive
2019-04-02	225354	901658	1.939	positive
2019-04-03	94021	395244	2.0866000000000002	positive
2019-04-04	301060	1206677	1.3649	positive
2019-04-05	329363	1238252	4.244400000000001	positive
2019-04-06	330825	1158242	-0.9153000000000001	negative
2019-04-07	175366	649851	1.5669000000000004	positive
2019-04-08	179904	517877	0.7418	positive
2019-04-09	406209	1299736	2.156299999999999	positive
2019-04-10	190602	838094	1.0420000000000003	positive
2019-04-11	206990	681692	3.9554	positive
2019-04-12	440472	1420043	0.6251999999999999	positive
2019-04-13	323092	1020843	-0.3504999999999999	negative
2019-04-14	178457	810488	3.8157000000000005	positive
2019-04-15	421557	1957382	1.9538	positive
2019-04-16	230423	878271	0.07439999999999991	positive
2019-04-17	145547	547106	-0.07650000000000012	negative
2019-04-18	562609	1796917	-0.08339999999999992	negative
2019-04-19	251359	806409	-2.0140999999999996	negative
2019-04-20	356134	1026437	1.3044999999999995	positive
2019-04-21	285901	1295953	-1.0291	negative
2019-04-22	661428	1246837	0.6011	positive
2019-04-23	385428	1699737	4.287500000000001	positive
2019-04-24	350584	1438689	2.2146	positive
2019-04-25	388881	834804	-2.3253999999999997	negative
2019-04-26	239033	883383	4.053	positive
2019-04-27	268102	1224508	3.269199999999999	positive
2019-04-28	28232	70146	-0.6369	negative
2019-04-29	280652	1139801	0.39369999999999994	positive
2019-04-30	210124	817333	3.3713999999999995	positive
2019-05-01	580365	1085477	8.685500000000001	positive
2019-05-02	219175	809594	4.2174	positive
2019-05-03	377394	1218711	0.11160000000000003	positive
2019-05-04	472703	745481	5.961600000000001	positive
2019-05-05	467706	1389301	7.1297	positive
2019-05-06	216999	897227	2.119700000000001	positive
2019-05-07	223942	440915	2.6336	positive
2019-05-08	512469	1831802	5.238899999999998	positive
2019-05-09	167699	384399	3.3554000000000004	positive
2019-05-10	350547	1267968	13.6158	positive
2019-05-11	839547	619026	-4.495299999999999	negative
2019-05-12	469188	1625137	-3.0960000000000005	negative
2019-05-13	392725	1627015	6.3001000000000005	positive
2019-05-14	312748	1303275	9.6498	positive
2019-05-15	143481	477975	4.8882	positive
2019-05-16	156535	390809	0.49900000000000005	positive
2019-05-17	361834	1529639	0.13160000000000005	positive
2019-05-18	344806	646264	3.5211	positive
2019-05-19	354700	1378054	4.3284	positive
2019-05-20	278403	1234240	1.7325999999999993	positive
2019-05-21	280215	1060053	4.1279	positive
2019-05-22	531417	1660399	1.3811000000000004	positive
2019-05-23	528827	1904765	3.3598	positive
2019-05-24	236788	1023470	4.4864	positive
2019-05-25	372786	859644	2.8824	positive
2019-05-26	336010	968475	6.9591	positive
2019-05-27	306388	1119253	2.9452000000000007	positive
2019-05-28	241405	922647	2.2594	positive
2019-05-29	188341	693074	3.1698	positive
2019-05-30	394560	1341029	-2.6611000000000002	negative
2019-05-31	263910	1095565	1.1522999999999999	positive
2019-06-01	272631	798750	12.5268	positive
2019-06-02	334182	1123562	-1.7268	negative
2019-06-03	367096	1262673	3.8815000000000004	positive
2019-06-04	160605	602336	0.1366	positive
2019-06-05	243511	972284	4.578200000000001	positive
2019-06-06	193206	837358	2.4184	positive
2019-06-07	356960	1599359	3.267	positive
2019-06-08	216745	1035164	4.449400000000001	positive
2019-06-09	496551	1047548	0.06790000000000018	positive
2019-06-10	381055	956570	-0.2030999999999994	negative
2019-06-11	264620	1204070	4.321199999999998	positive
2019-06-12	284857	962764	6.280199999999999	positive
2019-06-13	346317	1521313	4.322199999999999	positive
2019-06-14	174959	631387	5.3039	positive
2019-06-15	499514	1267365	2.9205000000000005	positive
2019-06-16	371397	1552255	5.001500000000001	positive
2019-06-17	193161	831085	2.5319	positive
2019-06-18	285765	1232792	6.9262999999999995	positive
2019-06-19	206402	947166	0.09430000000000022	positive
2019-06-20	119232	547859	0.414	positive
2019-06-21	268078	968854	-3.5700000000000003	negative
2019-06-22	317743	1336799	6.1114999999999995	positive
2019-06-23	107166	491709	2.2333	positive
2019-06-24	216128	514294	1.5390000000000004	positive
2019-06-25	209976	829759	4.1029	positive
2019-06-26	706507	2514628	9.4366	positive
2019-06-27	229308	964572	3.0164000000000004	positive
2019-06-28	121033	596234	1.7207000000000001	positive
2019-06-29	172658	845548	8.3773	positive
2019-06-30	132564	589468	4.3984	positive
2019-07-01	228287	1091891	3.1985	positive
2019-07-02	339876	1580538	7.9944	positive
2019-07-03	392271	1812875	4.8915	positive
2019-07-04	715467	1828330	14.8227	positive
2019-07-05	156474	597475	4.4128	positive
2019-07-06	196029	437394	2.1001	positive
2019-07-07	289028	1261180	-4.3302	negative
2019-07-08	154561	584612	1.6620000000000004	positive
2019-07-09	415661	1717845	6.2308	positive
2019-07-10	295503	1105419	5.7114	positive
2019-07-11	514130	1961307	11.426499999999999	positive
2019-07-12	428026	900736	10.183900000000001	positive
2019-07-13	404973	652278	1.7914999999999996	positive
2019-07-14	453346	1535346	10.3145	positive
2019-07-15	508114	2336576	-3.8122000000000003	negative
2019-07-16	432816	1792737	-0.9814999999999999	negative
2019-07-17	415076	1915315	3.0229999999999997	positive
2019-07-18	239131	1043140	2.1521	positive
2019-07-19	574587	1634398	3.0311	positive
2019-07-20	642596	810322	7.081100000000001	positive
2019-07-21	334442	1514148	1.5932000000000004	positive
2019-07-22	339963	1546608	-4.1811	negative
2019-07-23	366973	1784847	7.4956000000000005	positive
2019-07-24	772246	2554632	6.025499999999999	positive
2019-07-25	408206	1521309	7.2599	positive
2019-07-26	360079	1457055	5.373799999999999	positive
2019-07-27	521307	1991070	0.0035000000000000586	neutral
2019-07-28	387595	1629751	-0.19110000000000005	negative
2019-07-29	447085	1790650	2.3603	positive
2019-07-30	428432	1558925	3.1136	positive
2019-07-31	377039	1577564	0.6661999999999999	positive
2019-08-01	295002	1327361	8.0203	positive
2019-08-02	392272	1536650	2.0068	positive
2019-08-03	247019	749971	-2.0180999999999996	negative
2019-08-04	160826	972979	0.42190000000000005	positive
2019-08-05	304237	1149603	-1.1645999999999999	negative
2019-08-06	316469	1289693	0.4070000000000003	positive
2019-08-07	461813	1971667	1.5670000000000002	positive
2019-08-08	209368	1018414	2.8737999999999997	positive
2019-08-09	179167	516228	-0.6689000000000002	negative
2019-08-10	386843	1365619	-0.7282000000000001	negative
2019-08-11	88209	291773	1.7227999999999999	positive
2019-08-12	230757	387089	3.732	positive
2019-08-13	698542	1569025	1.0519000000000003	positive
2019-08-14	228715	883401	5.3704	positive
2019-08-15	566803	1498980	2.2853999999999997	positive
2019-08-16	400771	1385491	5.8509	positive
2019-08-17	378420	392484	6.8272	positive
2019-08-18	429850	1172000	4.0141	positive
2019-08-19	360248	1499845	2.480500000000001	positive
2019-08-20	500244	1018209	3.3433	positive
2019-08-21	379561	1546059	9.3518	positive
2019-08-22	279425	559629	12.3878	positive
2019-08-23	565806	1972907	11.9626	positive
2019-08-24	204899	833519	5.4510000000000005	positive
2019-08-25	491897	1298103	9.740999999999998	positive
2019-08-26	244771	1022819	4.7704	positive
2019-08-27	278554	1191283	6.0962	positive
2019-08-28	363955	1465073	2.9901	positive
2019-08-29	189192	771038	-0.24389999999999967	negative
2019-08-30	297770	1080255	0.8613999999999999	positive
2019-08-31	419062	1260173	22.238699999999994	positive
2019-09-01	398739	841513	0.5764000000000001	positive
2019-09-02	324541	1112674	8.336700000000002	positive
2019-09-03	265219	1054427	-2.7752000000000003	negative
2019-09-04	287661	973464	0.22859999999999986	positive
2019-09-05	260147	977564	1.609999999999999	positive
2019-09-06	317930	1300613	5.6701999999999995	positive
2019-09-07	401127	1190338	3.7697000000000003	positive
2019-09-08	181735	604882	3.2738	positive
2019-09-09	371795	1414657	6.812800000000001	positive
2019-09-10	370477	1143791	10.973500000000001	positive
2019-09-11	523690	1413410	11.147700000000002	positive
2019-09-12	233018	576054	4.0280000000000005	positive
2019-09-13	158161	707282	2.0376	positive
2019-09-14	334961	1124990	8.6719	positive
2019-09-15	311361	1174184	4.878900000000001	positive
2019-09-16	452349	1673293	5.5976	positive
2019-09-17	122252	477998	0.014500000000000068	positive
2019-09-18	531310	1295244	10.177700000000002	positive
2019-09-19	178496	554793	2.163	positive
2019-09-20	120997	453563	2.5065999999999997	positive
2019-09-21	368575	1220504	-2.542299999999999	negative
2019-09-22	356988	1359406	2.1304	positive
2019-09-23	247161	872581	2.7335999999999996	positive
2019-09-24	467204	1717860	0.6715000000000003	positive
2019-09-25	519823	1304893	3.1896	positive
2019-09-26	798286	1446151	0.7183999999999995	positive
2019-09-27	421378	1519412	-3.2365999999999997	negative
2019-09-28	768121	1617591	0.37159999999999954	positive
2019-09-29	766938	1525124	3.1632	positive
2019-09-30	515970	1991504	5.2875000000000005	positive
2019-10-01	612171	1515117	7.233000000000002	positive
2019-10-02	745202	1988354	0.9798999999999998	positive
2019-10-03	801590	2415050	8.2736	positive
2019-10-04	703884	2108971	3.3339999999999996	positive
2019-10-05	623258	1705142	-0.3398	negative
2019-10-06	699607	1870944	2.8165	positive
2019-10-07	480815	1296409	1.0434999999999999	positive
2019-10-08	747692	1779765	9.855200000000002	positive
2019-10-09	636133	1998326	-0.2944	negative
2019-10-10	392193	1455421	-0.3621999999999998	negative
2019-10-11	527625	1243275	8.4121	positive
2019-10-12	292674	948239	0.9812999999999996	positive
2019-10-13	495992	1637737	-0.659	negative
2019-10-14	591365	2225290	0.027599999999998737	positive
2019-10-15	373990	1213631	2.9513	positive
2019-10-16	582926	2049402	3.1014999999999997	positive
2019-10-17	723775	1529574	2.8588000000000022	positive
2019-10-18	362886	1300426	0.22060000000000007	positive
2019-10-19	746116	1442829	3.0433000000000003	positive
2019-10-20	401764	1047280	3.8836	positive
2019-10-21	321677	400539	1.0455	positive
2019-10-22	291199	999762	5.2059999999999995	positive
2019-10-23	600678	1282408	7.027100000000001	positive
2019-10-24	318015	683791	2.0711999999999997	positive
2019-10-25	601402	1359074	8.664300000000003	positive
2019-10-26	541898	2002437	-0.8776999999999997	negative
2019-10-27	154071	492083	2.2851	positive
2019-10-28	475795	1296426	-0.7725999999999993	negative
2019-10-29	711746	1278723	0.5274000000000008	positive
2019-10-30	545981	1708918	5.875500000000001	positive
2019-10-31	718637	1685806	2.1323	positive
2019-11-01	557434	1923515	1.7194999999999996	positive
2019-11-02	469065	592754	5.5641	positive
2019-11-03	574702	1701794	-1.0821000000000007	negative
2019-11-04	392101	1375520	5.8043000000000005	positive
2019-11-05	584441	1229343	8.3105	positive
2019-11-06	267578	866601	4.333800000000001	positive
2019-11-07	365728	1372247	-0.43309999999999976	negative
2019-11-08	163413	147615	2.3983	positive
2019-11-09	708982	1654356	7.2359	positive
2019-11-10	186335	676059	1.8695000000000004	positive
2019-11-11	367341	1533979	4.128900000000001	positive
2019-11-12	213582	874900	-2.2045	negative
2019-11-13	664836	732059	1.9237000000000009	positive
2019-11-14	430399	1042921	2.0113999999999996	positive
2019-11-15	380551	1341936	1.8784999999999998	positive
2019-11-16	220359	770661	4.5458	positive
2019-11-17	580485	1797321	3.671499999999999	positive
2019-11-18	234083	801864	1.4333999999999998	positive
2019-11-19	218860	782107	2.036	positive
2019-11-20	488644	1214963	3.6846	positive
2019-11-21	439765	1520154	2.4378	positive
2019-11-22	202095	657227	1.1901999999999997	positive
2019-11-23	227260	917469	2.8533999999999993	positive
2019-11-24	307790	1207516	2.8735	positive
2019-11-25	146924	660040	1.8255000000000001	positive
2019-11-26	205331	877347	0.47970000000000035	positive
2019-11-27	304116	1227517	1.733	positive
2019-11-28	145945	665729	1.1438	positive
2019-11-29	40277	213355	0.8834	positive
2019-11-30	163351	631853	-0.05969999999999975	negative
2019-12-01	49617	223523	0.5455	positive
2019-12-02	478988	1856956	7.4483	positive
2019-12-03	75802	366841	1.0412	positive
2019-12-04	169418	747240	6.7984	positive
2019-12-05	314176	1307516	2.0407	positive
2019-12-06	341785	1334239	1.8823999999999996	positive
2019-12-07	179070	730135	2.8546	positive
2019-12-08	384046	1469214	-1.7360999999999986	negative
2019-12-09	155520	611894	1.9206999999999999	positive
2019-12-10	359424	1451790	3.2128000000000005	positive
2019-12-11	150088	559060	0.5129	positive
2019-12-12	418423	1730481	0.8715999999999996	positive
2019-12-13	414605	1783855	2.6867	positive
2019-12-14	295703	1206237	-2.1096000000000004	negative
2019-12-15	337674	1328636	0.2792	positive
2019-12-16	242932	957860	1.4154	positive
2019-12-17	365259	1486924	8.942499999999999	positive
2019-12-18	505552	2148381	4.300300000000001	positive
2019-12-19	468088	2078831	0.15440000000000037	positive
2019-12-20	564047	2448410	13.9892	positive
2019-12-21	131253	512060	0.9186	positive
2019-12-22	98461	390493	-0.5922	negative
2019-12-23	207658	895423	-5.2561	negative
2019-12-24	176229	747993	3.0151000000000003	positive
2019-12-25	251523	1334451	0.06889999999999996	positive
2019-12-26	343999	1476869	-6.1614	negative
2019-12-27	429944	1537983	7.7183	positive
2019-12-28	207043	839764	1.0091	positive
2019-12-29	105734	405878	-1.6945999999999999	negative
2019-12-30	81331	384772	0.8722	positive
2019-12-31	648950	2956896	3.3563999999999994	positive
2020-01-01	78407	349366	1.4397	positive
2020-01-02	265314	1210410	-3.012	negative
2020-01-03	286251	1408336	-0.9561000000000002	negative
2020-01-04	327847	1663800	-1.1378999999999997	negative
2020-01-05	231158	1065571	1.4878	positive
2020-01-06	289877	1411386	0.03520000000000023	positive
2020-01-07	244159	1320815	2.3319	positive
2020-01-08	0	0	0.0	neutral
2020-01-09	452321	2448772	1.0656	positive
2020-01-10	164656	811905	4.7506	positive
2020-01-11	506007	2280632	-0.28150000000000064	negative
2020-01-12	530872	2366450	-2.328300000000001	negative
2020-01-13	268945	1381607	-0.7894	negative
2020-01-14	291642	1396729	4.0937	positive
2020-01-15	99948	424979	1.2886	positive
2020-01-16	295611	1444412	4.3147	positive
2020-01-17	368380	1666138	5.152200000000001	positive
2020-01-18	79489	402342	1.5303	positive
